{"version":1,"numeric_features":["Transaction_Amount","Account_Balance","IP_Address_Flag","Previous_Fraudulent_Activity","Daily_Transaction_Count","Avg_Transaction_Amount_7d","Failed_Transaction_Count_7d","Card_Age","Transaction_Distance","Risk_Score","Is_Weekend","hour","dow"],"numeric_imputer_medians":[69.41499999999999,50352.375,0.0,0.0,7.0,255.615,2.0,120.0,2493.365,0.5007,0.0,12.0,3.0],"numeric_scaler_mean":[99.29143849999998,50276.4977845,0.05045,0.09895,7.488875,254.90915775000002,1.99875,119.9833,2501.4321234999998,0.5013012,0.29995,11.4994,3.01365],"numeric_scaler_scale":[98.97804656700757,28776.24395588663,0.21887164617647487,0.29859487185817507,4.034603603128193,141.57894111088032,1.4157677908117559,69.02316112081509,1442.5113922979554,0.28747977233548105,0.45823574445911575,6.9127418322978045,1.999103218320655],"categorical_features":["Transaction_Type","Device_Type","Location","Merchant_Category","Card_Type","Authentication_Method"],"categorical_categories":[["ATM Withdrawal","Bank Transfer","Online","POS"],["Laptop","Mobile","Tablet"],["London","Mumbai","New York","Sydney","Tokyo"],["Clothing","Electronics","Groceries","Restaurants","Travel"],["Amex","Discover","Mastercard","Visa"],["Biometric","OTP","PIN","Password"]]}